<?xml version="1.0" encoding="UTF-8"?>
<project-private xmlns="http://www.netbeans.org/ns/project-private/1">
    <editor-bookmarks xmlns="http://www.netbeans.org/ns/editor-bookmarks/2" lastBookmarkId="0"/>
    <open-files xmlns="http://www.netbeans.org/ns/projectui-open-files/2">
        <group>
            <file>file:/C:/wamp64/www/site-eventos/adm/conexao.php</file>
            <file>file:/C:/wamp64/www/site-eventos/adm/banco.sql</file>
            <file>file:/C:/wamp64/www/site-eventos/index.php</file>
            <file>file:/C:/wamp64/www/site-eventos/adm/index.php</file>
            <file>file:/C:/wamp64/www/site-eventos/adm/gravar-evento.php</file>
            <file>file:/C:/wamp64/www/site-eventos/adm/cadastrar-evento.php</file>
        </group>
    </open-files>
</project-private>
